RSC002462,Virt,https://rocketleague.tracker.network/rocket-league/profile/steam/76561198981108352/overview
RSC002462,Virt,https://rocketleague.tracker.network/rocket-league/profile/steam/76561198879596313/overview
RSC001118,Azurified,https://rocketleague.tracker.network/rocket-league/profile/steam/76561198835413531/overview
RSC003483,bpdmvp,https://rocketleague.tracker.network/rocket-league/profile/steam/76561198070055498/overview
RSC003483,bpdmvp,https://rocketleague.tracker.network/rocket-league/profile/steam/76561198966558192/overview
RSC003483,bpdmvp,https://rocketleague.tracker.network/rocket-league/profile/steam/76561199089626248/overview
RSC003484,Nicksizzle222,https://rocketleague.tracker.network/rocket-league/profile/psn/Nicksizzle222/overview
RSC003485,CrashTarHeel,https://rocketleague.tracker.network/rocket-league/profile/xbl/CrashTarHeel/overview
RSC003486,THEdemonBELIAL,https://rocketleague.tracker.network/rocket-league/profile/psn/THEdemonBELIAL/overview
RSC003487,Jellyman III,https://rocketleague.tracker.network/rocket-league/profile/xbl/Jellyman%20III/overview
RSC003488,DatCaptainDaddy,https://rocketleague.tracker.network/rocket-league/profile/steam/76561198974443658/overview
RSC003489,KSI ITzGIBBY,https://rocketleague.tracker.network/rocket-league/profile/xbl/KSI%20ITzGIBBY/overview
RSC003489,KSI ITzGIBBY,https://rocketleague.tracker.network/rocket-league/profile/xbl/NotaRLSmurf4708/overview
RSC003489,KSI ITzGIBBY,https://rocketleague.tracker.network/rocket-league/profile/xbl/Geti%20Goku/overview
RSC003490,Mythic<('o'<),https://rocketleague.tracker.network/rocket-league/profile/xbl/o%20mythic%200/overview
RSC003490,Mythic<('o'<),https://rocketleague.tracker.network/rocket-league/profile/steam/76561199062130806/overview
RSC003491,Bama,https://rocketleague.tracker.network/rocket-league/profile/steam/76561198085722683/overview
RSC003492,BVBCOLD11,https://rocketleague.tracker.network/rocket-league/profile/psn/BVBCOLD11/overview
RSC003493,skelotonjack,https://rocketleague.tracker.network/rocket-league/profile/steam/76561199022810302/overview
RSC003493,skelotonjack,https://rocketleague.tracker.network/rocket-league/profile/xbl/skeloton%20jack/overview
RSC003494,I 13th sign I,https://rocketleague.tracker.network/rocket-league/profile/xbl/I%2013th%20sign%20I/overview
RSC003494,I 13th sign I,https://rocketleague.tracker.network/rocket-league/profile/xbl/I%20SIGN%20I/overview
RSC003494,I 13th sign I,https://rocketleague.tracker.network/rocket-league/profile/xbl/vlabx13/overview
RSC003495,knitt,https://rocketleague.tracker.network/rocket-league/profile/steam/76561198415327198/overview
RSC003495,knitt,https://rocketleague.tracker.network/rocket-league/profile/steam/76561199015743082/overview
RSC003496,Giving An L,https://rocketleague.tracker.network/rocket-league/profile/xbl/Giving%20an%20L/overview
RSC003497,odayzed,https://rocketleague.tracker.network/rocket-league/profile/xbl/odayzed/overview
RSC003498,Merioch,https://rocketleague.tracker.network/rocket-league/profile/steam/76561198031667617/overview
RSC003499,Phaze,https://rocketleague.tracker.network/rocket-league/profile/steam/76561197972862155/overview
RSC003499,Phaze,https://rocketleague.tracker.network/rocket-league/profile/steam/76561198069527422/overview
